<bundle>
  <!-- Included from donovan-bettercement -->
  <remove xpath="//recipe[@name='resourceConcreteMix']/ingredient[@name='resourceCrushedSand']"/>
  <remove xpath="//recipe[@name='resourceCement']"/>
  <append xpath="/recipes">
    <recipe name="resourceCement" count="1" material_based="true" craft_area="cementMixer" craft_time="0.25" is_trackable="false" tags="cementMixerCrafting">
      <ingredient name="resourceCrushedSand" count="2"/>
      <ingredient name="resourceClayLump" count="2"/>
    </recipe>
  </append>
  <!-- Included from donovan-betterdyes -->
  <append xpath="/recipes">
    <recipe name="modDyeRed" count="1">
      <ingredient name="resourcePaint" count="10"/>
    </recipe>
    <recipe name="modDyeGreen" count="1">
      <ingredient name="resourcePaint" count="10"/>
    </recipe>
    <recipe name="modDyeBlack" count="1">
      <ingredient name="resourcePaint" count="10"/>
    </recipe>
    <recipe name="modDyeBlue" count="1">
      <ingredient name="resourcePaint" count="10"/>
    </recipe>
    <recipe name="modDyeBrown" count="1">
      <ingredient name="resourcePaint" count="10"/>
    </recipe>
    <recipe name="modDyePink" count="1">
      <ingredient name="resourcePaint" count="10"/>
    </recipe>
    <recipe name="modDyePurple" count="1">
      <ingredient name="resourcePaint" count="10"/>
    </recipe>
    <recipe name="modDyeYellow" count="1">
      <ingredient name="resourcePaint" count="10"/>
    </recipe>
  </append>
  <!-- Included from donovan-lessgrind -->
  <!-- Reduce the material requirements for recipes using meat (note: do not set lower than 3 or requirements could go to 0) -->
  <set xpath="//recipe[@name='foodBaconAndEggs']/ingredient[@name='foodRawMeat']/@count">3</set>
  <set xpath="//recipe[@name='foodBoiledMeat']/ingredient[@name='foodRawMeat']/@count">3</set>
  <set xpath="//recipe[@name='foodCharredMeat']/ingredient[@name='foodRawMeat']/@count">3</set>
  <set xpath="//recipe[@name='foodChiliDog']/ingredient[@name='foodRawMeat']/@count">3</set>
  <set xpath="//recipe[@name='foodGrilledMeat']/ingredient[@name='foodRawMeat']/@count">3</set>
  <set xpath="//recipe[@name='foodMeatStew']/ingredient[@name='foodRawMeat']/@count">5</set>
  <!-- Iron Bars -->
  <set xpath="//recipe[@name='ironBars']/ingredient[@name='unit_iron']/@count">50</set>
  <set xpath="//recipe[@name='ironBarsCentered']/ingredient[@name='unit_iron']/@count">50</set>
  <!-- Iron Spikes -->
  <set xpath="//recipe[@name='trapSpikesIronDmg0']/ingredient[@name='resourceForgedIron']/@name">resourceScrapIron</set>
  <set xpath="//recipe[@name='trapSpikesIronDmg0']/ingredient[@name='resourceScrapIron']/@count">40</set>
  <!-- You should be able to make a bone knife with only one bone -->
  <set xpath="//recipe[@name='meleeWpnBladeT0BoneKnife']/ingredient[@name='resourceBone']/@count">1</set>
  <!-- You should be able to make lockpics with scrap iron -->
  <set xpath="//recipe[starts-with(@name, 'resourceLockPick')]/ingredient[@name='resourceForgedIron']/@name">resourceScrapIron</set>
  <set xpath="//recipe[starts-with(@name, 'resourceLockPick')]/ingredient[@name='resourceScrapIron']/@count">10</set>
  <set xpath="//recipe[starts-with(@name, 'resourceLockPick')]/ingredient[@name='resourceMechanicalParts']/@count">1</set>
  <!-- Reduce the material requirements to craft seeds -->
  <set xpath="//recipe[starts-with(@name, 'planted')]/ingredient[not (@count='5')]/@count">1</set>
  <set xpath="//recipe[starts-with(@name, 'planted')]/ingredient[@count='5']/@count">2</set>
  <!-- Reduce the material requirements on some cloth recipes -->
  <set xpath="//recipe[@name='resourceDuctTape']/ingredient[@name='resourceCloth']/@count">1</set>
  <set xpath="//recipe[@name='medicalBandage']/ingredient[@name='resourceCloth']/@count">2</set>
  <!-- Beaker -->
  <append xpath="/recipes">
    <recipe name="toolBeaker" count="1" material_based="true" craft_area="forge" craft_tool="toolForgeCrucible" tags="perkAdvancedEngineering">
      <ingredient name="unit_glass" count="100"/>
      <ingredient name="unit_lead" count="50"/>
      <ingredient name="unit_clay" count="50"/>
    </recipe>
  </append>
  <!-- Included from donovan-megastacks -->
  <set xpath="//recipe[starts-with(@name, 'resource') and contains(@name, 'Bundle')]/ingredient[starts-with(@name, 'resource') and @count=6000]/@count">30000</set>
  <!-- Resource Bundles -->
</bundle>
