<configs>
  <!-- Remove the default food/water bars -->
  <remove xpath="//window[@name='windowToolbelt']/rect/rect[@stat_type='Food']" />
  <remove xpath="//window[@name='windowToolbelt']/rect/rect[@stat_type='Water']" />

  <!-- reposition the toolbelt -->
  <set xpath="//window[@name='windowToolbelt']/@pos">-376,102</set>

  <!-- Increase the size of the exp bar and move below toolbelt -->
  <remove xpath="//window[@name='windowToolbelt']/rect/sprite[@height='8']" />
  <append xpath="//window[@name='windowToolbelt']">
    <rect pos="0,-80">
      <sprite name="background" depth="1" pos="0,0" height="15" color="[mediumGrey]" sprite="menu_empty2px" globalopacity="false" type="sliced" />
      <sprite name="xpFill" depth="2" pos="0,0" height="15" width="750" color="{xpcolor}" globalopacity="false" type="filled" fill="{xp}" />
      <sprite name="border" depth="3" pos="0,0" height="15" color="[black]" sprite="menu_empty2px" globalopacity="false" type="sliced" fillcenter="false" />
    </rect>
  </append>

  <!-- Add the new Water/Food Bars -->
  <set xpath="//window[@name='HUDLeftStatBars']/rect[@name='hud' and @side='left']/@pos">90,159</set>
  <set xpath="//window[@name='HUDLeftStatBars']/rect[@name='hud' and @side='right']/@pos">9,183</set>
  <append xpath="//window[@name='HUDLeftStatBars']">
    <rect name="wellnessBars" pos="9,33" rows="1" cols="1" side="right">
      <!-- Food Bar -->
      <rect width="84" height="23" pos="0,0" controller="HUDStatBar" stat_type="Food" visible="{statvisible}">
        <sprite depth="1" name="background" color="[black_half_alpha]" type="sliced" />
        <filledsprite depth="2" pos="1,0" width="82" name="BarContent" color="0,128,0,200" type="filled" fill="0" globalopacity="false" />
        <sprite depth="3" name="Icon" atlas="{staticonatlas|once}" sprite="{staticon|once}" size="16,16" pos="3,-3" foregroundlayer="true" />
        <label depth="4" name="TextContent" pos="3,-3" font_size="16" color="[white]" justify="center" pivot="topleft" text="{statcurrent}%" height="35" />
        <sprite depth="5" name="border" color="[black]" type="sliced" height="23" fillcenter="false" />
      </rect>

      <!-- Water Bar -->
      <rect width="84" height="23" pos="87,0" controller="HUDStatBar" stat_type="Water" visible="{statvisible}">
        <sprite depth="1" name="background" color="[black_half_alpha]" type="sliced" />
        <filledsprite depth="2" pos="1,0" width="82" name="BarContent" color="0,0,128,200" type="filled" fill="0" globalopacity="false" />
        <sprite depth="3" name="Icon" atlas="{staticonatlas|once}" sprite="{staticon|once}" size="16,16" pos="3,-3" foregroundlayer="true" />
        <label depth="4" name="TextContent" pos="3,-3" font_size="16" color="[white]" justify="center" pivot="topleft" text="{statcurrent}%" height="17" />
        <sprite depth="5" name="border" color="[black]" type="sliced" height="23" fillcenter="false" />
      </rect>
    </rect>
  </append>

  <!-- Locked slots functionality was added into Vanilla, but only for 'windowBackpack' -->
  <append xpath="//window[@name='windowLooting' or @name='windowVehicleStorage']/panel[@name='header']/rect">
    <combobox depth="3" name="cbxLockedSlots" pos="70,-7" width="100" height="30" tooltip_key="xuiStashLockedSlots" type="ComboBoxInt" value_min="0" value_max="{container_slots}" value_wrap="true" value_increment="1" />
  </append>

  <!-- Add elevation to the compass -->
  <remove xpath="//window[@name='windowCompass']/sprite[@visible='{showtime}']" />
  <append xpath="//window[@name='windowCompass']">
    <rect name="content" depth="5" pos="180,-60" height="239" controller="MapStats">
      <sprite pos="0,0" name="dateTime" sprite="" color="255,255,255,255" globalopacitymod="1.8" visible="{showtime}">
        <label depth="2" width="300" height="30" text="{daytitle}: [{daycolor}]{day}[-] {timetitle}: {time}" font_size="28" pivot="center" effect="outline" upper_case="true" justify="center" />
      </sprite>
      <sprite pos="120,14" depth="2" name="elevIcon" width="24" height="24" sprite="ui_game_symbol_climb" color="[iconColor]" foregroundlayer="true">
        <label depth="2" name="elevLabel" width="250" height="28" pos="25,0" text="[DECEA3]{mapelevation} M[-]" font_size="28" />
      </sprite>
    </rect>
  </append>
</configs>
