<configs>
  <append xpath="/quests">
    <quest id="quest_BetterStart">
      <property name="group_name_key" value="quest_BetterStart" />
      <property name="name_key" value="quest_BetterStartInfo" />

      <property name="subtitle_key" value="quest_BasicSurvival1_subtitle" />
      <property name="description_key" value="quest_BasicSurvival1_description" />
      <property name="offer_key" value="quest_BasicSurvival_offer" />
      <property name="icon" value="ui_game_symbol_map_bed" />
      <property name="category_key" value="quest" />
      <property name="difficulty" value="veryeasy" />
      <property name="shareable" value="false" />
      <property name="quest_hints" value="quest_BasicSurvival1_hint1,quest_BasicSurvival1_hint2,quest_BasicSurvival1_hint3" />

      <action type="TrackQuest" />

      <objective type="FetchKeep" id="resourceYuccaFibers" value="10" phase="1" />
      <objective type="Craft">
        <property name="phase" value="2" />
        <property name="item" value="bedrollBlockVariantHelper" />
        <property name="count" value="1" />
      </objective>

      <objective type="BlockPlace" id="bedrollBlockVariantHelper" value="1" phase="3" />

      <reward type="Quest" id="quest_whiteRiverCitizen1">
        <property name="chainquest" value="false" />
      </reward>

      <reward type="Exp" value="500" />
      <reward type="SkillPoints" value="8" chainreward="true" />
      <reward type="Item" id="casinoCoin" value="500" />
      <reward type="Item" id="resourceRockSmall" value="500" />
      <reward type="Item" id="resourceWood" value="500" />
      <reward type="Item" id="meleeToolRepairT0StoneAxe" value="1" />
      <reward type="Item" id="meleeToolShovelT0StoneShovel" value="1" />
      <reward type="Item" id="meleeWpnBladeT0BoneKnife" value="1" />
      <reward type="Item" id="questRewardT0LightArmorBundle" value="1" />
      <reward type="Item" id="modArmorHelmetLight" value="1" />
      <!-- <reward type="Item" id="questRewardMiningHelmetBundle" value="1" /> -->
      <!-- <reward type="Item" id="vehicleBicyclePlaceable" value="1" /> -->
    </quest>
  </append>
</configs>
